100001,Peeler,A short description.,A lond description.,./image/Image-Coming-Soon-Placeholder.png,1,2,0,10,0,FALSE,FALSE
100002,Knive,A short description.,A lond description.,./image/Image-Coming-Soon-Placeholder.png,1,2,0,10,0,FALSE,FALSE
100003,Ladle,A short description.,A lond description.,./image/Image-Coming-Soon-Placeholder.png,1,2,0,10,0,FALSE,FALSE
100004,Slotted Spoon,A short description.,A lond description.,./image/Image-Coming-Soon-Placeholder.png,1,2,0,10,0,FALSE,FALSE
100005,Wooden Sppon,A short description.,A lond description.,./image/Image-Coming-Soon-Placeholder.png,1,2,0,10,0,FALSE,FALSE
100006,Butcher Knife,A short description.,A lond description.,./image/Image-Coming-Soon-Placeholder.png,1,2,0,10,0,FALSE,FALSE
100007,Spatula,A short description.,A lond description.,./image/Image-Coming-Soon-Placeholder.png,1,2,0,10,0,FALSE,FALSE
100008,Scraper,A short description.,A lond description.,./image/Image-Coming-Soon-Placeholder.png,1,2,0,10,0,FALSE,FALSE
100009,Metal Bowl,A short description.,A lond description.,./image/Image-Coming-Soon-Placeholder.png,1,2,0,10,0,FALSE,FALSE
100010,Skillet,A short description.,A lond description.,./image/Image-Coming-Soon-Placeholder.png,1,2,0,10,0,FALSE,FALSE
100011,Frying Pan,A short description.,A lond description.,./image/Image-Coming-Soon-Placeholder.png,1,2,0,10,0,FALSE,FALSE
100012,Dutch Oven,A short description.,A lond description.,./image/Image-Coming-Soon-Placeholder.png,1,2,0,10,0,FALSE,FALSE
100013,Glass Baking Dish,A short description.,A lond description.,./image/Image-Coming-Soon-Placeholder.png,1,2,0,10,0,FALSE,FALSE
100014,Glass Storage Container,A short description.,A lond description.,./image/Image-Coming-Soon-Placeholder.png,1,2,0,10,0,FALSE,FALSE
100015,Metal Measuring Cups,A short description.,A lond description.,./image/Image-Coming-Soon-Placeholder.png,1,2,0,10,0,FALSE,FALSE
100016,Dia de los Muertos Measuring Spoons,A short description.,A lond description.,./image/Image-Coming-Soon-Placeholder.png,1,2,0,10,0,FALSE,FALSE
100017,Knive Sharpening Rod,A short description.,A lond description.,./image/Image-Coming-Soon-Placeholder.png,1,2,0,10,0,FALSE,FALSE
100018,Kitchen Sheers,A short description.,A lond description.,./image/Image-Coming-Soon-Placeholder.png,1,2,0,10,0,FALSE,FALSE
100019,Meat Thermometer,A short description.,A lond description.,./image/Image-Coming-Soon-Placeholder.png,1,2,0,10,0,FALSE,FALSE
100020,Kitchen Scale,A short description.,A lond description.,./image/Image-Coming-Soon-Placeholder.png,1,2,0,10,0,FALSE,FALSE
100021,Glass Pitcher with Ornate Handle,A short description.,A lond description.,./image/Image-Coming-Soon-Placeholder.png,1,2,0,10,0,FALSE,FALSE
